date,time,lastPrice,change,pChange,previousClose,open,close,vwap,lowerCP,upperCP,pPriceBand,basePrice,intraDayHighLow,weekHighLow
16-11-2021     8:29,8:29,1785,4.8,0.269632626,1780.2,1782.1,1787.15,1793.71,1602.2,1958.2,No Band,1780.2,"{'min': 1775.5, 'max': 1800, 'value': 1785}","{'min': 1091, 'minDate': '27-Nov-2020', 'max': 1848, 'maxDate': '20-Oct-2021', 'value': 1785}"
16-11-2021      9:18,9:18,1783.35,-3.8,-0.212629046,1787.15,1790,0,1782.79,1608.45,1965.85,No Band,1787.15,"{'min': 1777, 'max': 1792, 'value': 1783.35}","{'min': 1091, 'minDate': '27-Nov-2020', 'max': 1848, 'maxDate': '20-Oct-2021', 'value': 1783.35}"
16-11-2021,9:30,1789.55,2.4,0.134292029,1787.15,1790,0,1785.4,1608.45,1965.85,No Band,1787.15,"{'min': 1777, 'max': 1792, 'value': 1789.55}","{'min': 1091, 'minDate': '27-Nov-2020', 'max': 1848, 'maxDate': '20-Oct-2021', 'value': 1789.55}"
16-11-2021,9:35,1792.25,5.1,0.285370562,1787.15,1790,0,1786.76,1608.45,1965.85,No Band,1787.15,"{'min': 1777, 'max': 1794.85, 'value': 1792.25}","{'min': 1091, 'minDate': '27-Nov-2020', 'max': 1848, 'maxDate': '20-Oct-2021', 'value': 1792.25}"
16-11-2021,9:41,1787.2,0.05,0.002797751,1787.15,1790,0,1786.98,1608.45,1965.85,No Band,1787.15,"{'min': 1777, 'max': 1794.85, 'value': 1787.2}","{'min': 1091, 'minDate': '27-Nov-2020', 'max': 1848, 'maxDate': '20-Oct-2021', 'value': 1787.2}"
16-11-2021,9:47,1790.35,3.2,0.179056039,1787.15,1790,0,1788.19,1608.45,1965.85,No Band,1787.15,"{'min': 1777, 'max': 1794.85, 'value': 1790.35}","{'min': 1091, 'minDate': '27-Nov-2020', 'max': 1848, 'maxDate': '20-Oct-2021', 'value': 1790.35}"
16-11-2021,9:51,1791.9,4.75,0.265786308,1787.15,1790,0,1788.44,1608.45,1965.85,No Band,1787.15,"{'min': 1777, 'max': 1794.85, 'value': 1791.9}","{'min': 1091, 'minDate': '27-Nov-2020', 'max': 1848, 'maxDate': '20-Oct-2021', 'value': 1791.9}"
16-11-2021,9:56,1794.8,7.65,0.428055843,1787.15,1790,0,1789.1,1608.45,1965.85,No Band,1787.15,"{'min': 1777, 'max': 1796, 'value': 1794.8}","{'min': 1091, 'minDate': '27-Nov-2020', 'max': 1848, 'maxDate': '20-Oct-2021', 'value': 1794.8}"
16-11-2021,10:01,1794.15,7,0.391685085,1787.15,1790,0,1789.35,1608.45,1965.85,No Band,1787.15,"{'min': 1777, 'max': 1796, 'value': 1794.15}","{'min': 1091, 'minDate': '27-Nov-2020', 'max': 1848, 'maxDate': '20-Oct-2021', 'value': 1794.15}"
16-11-2021,10:06,1795.5,8.35,0.467224352,1787.15,1790,0,1789.89,1608.45,1965.85,No Band,1787.15,"{'min': 1777, 'max': 1797, 'value': 1795.5}","{'min': 1091, 'minDate': '27-Nov-2020', 'max': 1848, 'maxDate': '20-Oct-2021', 'value': 1795.5}"
16-11-2021,10:12,1797.55,10.4,0.581932127,1787.15,1790,0,1790.39,1608.45,1965.85,No Band,1787.15,"{'min': 1777, 'max': 1797.75, 'value': 1797.55}","{'min': 1091, 'minDate': '27-Nov-2020', 'max': 1848, 'maxDate': '20-Oct-2021', 'value': 1797.55}"
16-11-2021,10:20,1794.35,7.2,0.402876088,1787.15,1790,0,1790.79,1608.45,1965.85,No Band,1787.15,"{'min': 1777, 'max': 1798.3, 'value': 1794.35}","{'min': 1091, 'minDate': '27-Nov-2020', 'max': 1848, 'maxDate': '20-Oct-2021', 'value': 1794.35}"
16-11-2021,10:25,1795.7,8.55,0.478415354,1787.15,1790,0,1791.1,1608.45,1965.85,No Band,1787.15,"{'min': 1777, 'max': 1798.3, 'value': 1795.7}","{'min': 1091, 'minDate': '27-Nov-2020', 'max': 1848, 'maxDate': '20-Oct-2021', 'value': 1795.7}"
16-11-2021,10:30,1797.6,10.45,0.584729877,1787.15,1790,0,1791.36,1608.45,1965.85,No Band,1787.15,"{'min': 1777, 'max': 1798.3, 'value': 1797.6}","{'min': 1091, 'minDate': '27-Nov-2020', 'max': 1848, 'maxDate': '20-Oct-2021', 'value': 1797.6}"
16-11-2021,10:36,1799.3,12.15,0.679853398,1787.15,1790,0,1791.7,1608.45,1965.85,No Band,1787.15,"{'min': 1777, 'max': 1799.8, 'value': 1799.3}","{'min': 1091, 'minDate': '27-Nov-2020', 'max': 1848, 'maxDate': '20-Oct-2021', 'value': 1799.3}"
16-11-2021,10:41,1799.45,12.3,0.68824665,1787.15,1790,0,1792.67,1608.45,1965.85,No Band,1787.15,"{'min': 1777, 'max': 1800, 'value': 1799.45}","{'min': 1091, 'minDate': '27-Nov-2020', 'max': 1848, 'maxDate': '20-Oct-2021', 'value': 1799.45}"
16-11-2021,10:46,1804.65,17.5,0.979212713,1787.15,1790,0,1794.14,1608.45,1965.85,No Band,1787.15,"{'min': 1777, 'max': 1805, 'value': 1804.65}","{'min': 1091, 'minDate': '27-Nov-2020', 'max': 1848, 'maxDate': '20-Oct-2021', 'value': 1804.65}"
16-11-2021,10:51,1806.35,19.2,1.074336234,1787.15,1790,0,1795.86,1608.45,1965.85,No Band,1787.15,"{'min': 1777, 'max': 1808.8, 'value': 1806.35}","{'min': 1091, 'minDate': '27-Nov-2020', 'max': 1848, 'maxDate': '20-Oct-2021', 'value': 1806.35}"
16-11-2021,10:58,1807,19.85,1.110706992,1787.15,1790,0,1796.25,1608.45,1965.85,No Band,1787.15,"{'min': 1777, 'max': 1808.8, 'value': 1807}","{'min': 1091, 'minDate': '27-Nov-2020', 'max': 1848, 'maxDate': '20-Oct-2021', 'value': 1807}"
16-11-2021,11:04,1806,18.85,1.054751979,1787.15,1790,0,1797.05,1608.45,1965.85,No Band,1787.15,"{'min': 1777, 'max': 1808.8, 'value': 1806}","{'min': 1091, 'minDate': '27-Nov-2020', 'max': 1848, 'maxDate': '20-Oct-2021', 'value': 1806}"
16-11-2021,11:09,1807.15,20,1.119100243,1787.15,1790,0,1797.86,1608.45,1965.85,No Band,1787.15,"{'min': 1777, 'max': 1808.95, 'value': 1807.15}","{'min': 1091, 'minDate': '27-Nov-2020', 'max': 1848, 'maxDate': '20-Oct-2021', 'value': 1807.15}"
16-11-2021,11:14,1805.55,18.4,1.029572224,1787.15,1790,0,1798.12,1608.45,1965.85,No Band,1787.15,"{'min': 1777, 'max': 1808.95, 'value': 1805.55}","{'min': 1091, 'minDate': '27-Nov-2020', 'max': 1848, 'maxDate': '20-Oct-2021', 'value': 1805.55}"
16-11-2021,11:20,1802,14.85,0.830931931,1787.15,1790,0,1798.29,1608.45,1965.85,No Band,1787.15,"{'min': 1777, 'max': 1808.95, 'value': 1802}","{'min': 1091, 'minDate': '27-Nov-2020', 'max': 1848, 'maxDate': '20-Oct-2021', 'value': 1802}"
16-11-2021,11:25,1801.7,14.55,0.814145427,1787.15,1790,0,1798.34,1608.45,1965.85,No Band,1787.15,"{'min': 1777, 'max': 1808.95, 'value': 1801.7}","{'min': 1091, 'minDate': '27-Nov-2020', 'max': 1848, 'maxDate': '20-Oct-2021', 'value': 1801.7}"
16-11-2021,11:30,1802.05,14.9,0.833729681,1787.15,1790,0,1798.39,1608.45,1965.85,No Band,1787.15,"{'min': 1777, 'max': 1808.95, 'value': 1802.05}","{'min': 1091, 'minDate': '27-Nov-2020', 'max': 1848, 'maxDate': '20-Oct-2021', 'value': 1802.05}"
16-11-2021,12:20,1800.3,13.15,0.73580841,1787.15,1790,0,1798.88,1608.45,1965.85,No Band,1787.15,"{'min': 1777, 'max': 1808.95, 'value': 1800.3}","{'min': 1091, 'minDate': '27-Nov-2020', 'max': 1848, 'maxDate': '20-Oct-2021', 'value': 1800.3}"
16-11-2021,12:25,1800.8,13.65,0.763785916,1787.15,1790,0,1798.9,1608.45,1965.85,No Band,1787.15,"{'min': 1777, 'max': 1808.95, 'value': 1800.8}","{'min': 1091, 'minDate': '27-Nov-2020', 'max': 1848, 'maxDate': '20-Oct-2021', 'value': 1800.8}"
16-11-2021,12:30,1799.9,12.75,0.713426405,1787.15,1790,0,1798.92,1608.45,1965.85,No Band,1787.15,"{'min': 1777, 'max': 1808.95, 'value': 1799.9}","{'min': 1091, 'minDate': '27-Nov-2020', 'max': 1848, 'maxDate': '20-Oct-2021', 'value': 1799.9}"
16-11-2021,12:35,1800.05,12.9,0.721819657,1787.15,1790,0,1798.93,1608.45,1965.85,No Band,1787.15,"{'min': 1777, 'max': 1808.95, 'value': 1800.05}","{'min': 1091, 'minDate': '27-Nov-2020', 'max': 1848, 'maxDate': '20-Oct-2021', 'value': 1800.05}"
16-11-2021,12:40,1800,12.85,0.719021906,1787.15,1790,0,1798.94,1608.45,1965.85,No Band,1787.15,"{'min': 1777, 'max': 1808.95, 'value': 1800}","{'min': 1091, 'minDate': '27-Nov-2020', 'max': 1848, 'maxDate': '20-Oct-2021', 'value': 1800}"
16-11-2021,12:45,1800.1,12.95,0.724617408,1787.15,1790,0,1798.95,1608.45,1965.85,No Band,1787.15,"{'min': 1777, 'max': 1808.95, 'value': 1800.1}","{'min': 1091, 'minDate': '27-Nov-2020', 'max': 1848, 'maxDate': '20-Oct-2021', 'value': 1800.1}"
16-11-2021,12:50,1799.8,12.65,0.707830904,1787.15,1790,0,1798.95,1608.45,1965.85,No Band,1787.15,"{'min': 1777, 'max': 1808.95, 'value': 1799.8}","{'min': 1091, 'minDate': '27-Nov-2020', 'max': 1848, 'maxDate': '20-Oct-2021', 'value': 1799.8}"
16-11-2021,12:55,1799.35,12.2,0.682651148,1787.15,1790,0,1798.96,1608.45,1965.85,No Band,1787.15,"{'min': 1777, 'max': 1808.95, 'value': 1799.35}","{'min': 1091, 'minDate': '27-Nov-2020', 'max': 1848, 'maxDate': '20-Oct-2021', 'value': 1799.35}"
16-11-2021,13:00,1800.1,12.95,0.724617408,1787.15,1790,0,1798.96,1608.45,1965.85,No Band,1787.15,"{'min': 1777, 'max': 1808.95, 'value': 1800.1}","{'min': 1091, 'minDate': '27-Nov-2020', 'max': 1848, 'maxDate': '20-Oct-2021', 'value': 1800.1}"
16-11-2021,13:05,1800,12.85,0.719021906,1787.15,1790,0,1798.97,1608.45,1965.85,No Band,1787.15,"{'min': 1777, 'max': 1808.95, 'value': 1800}","{'min': 1091, 'minDate': '27-Nov-2020', 'max': 1848, 'maxDate': '20-Oct-2021', 'value': 1800}"
16-11-2021,13:10,1799.05,11.9,0.665864645,1787.15,1790,0,1798.98,1608.45,1965.85,No Band,1787.15,"{'min': 1777, 'max': 1808.95, 'value': 1799.05}","{'min': 1091, 'minDate': '27-Nov-2020', 'max': 1848, 'maxDate': '20-Oct-2021', 'value': 1799.05}"
16-11-2021,13:15,1801.95,14.8,0.82813418,1787.15,1790,0,1799,1608.45,1965.85,No Band,1787.15,"{'min': 1777, 'max': 1808.95, 'value': 1801.95}","{'min': 1091, 'minDate': '27-Nov-2020', 'max': 1848, 'maxDate': '20-Oct-2021', 'value': 1801.95}"
16-11-2021,13:20,1803,15.85,0.886886943,1787.15,1790,0,1799.03,1608.45,1965.85,No Band,1787.15,"{'min': 1777, 'max': 1808.95, 'value': 1803}","{'min': 1091, 'minDate': '27-Nov-2020', 'max': 1848, 'maxDate': '20-Oct-2021', 'value': 1803}"
16-11-2021,13:25,1801.8,14.65,0.819740928,1787.15,1790,0,1799.05,1608.45,1965.85,No Band,1787.15,"{'min': 1777, 'max': 1808.95, 'value': 1801.8}","{'min': 1091, 'minDate': '27-Nov-2020', 'max': 1848, 'maxDate': '20-Oct-2021', 'value': 1801.8}"
16-11-2021,13:50,1799.6,12.45,0.696639902,1787.15,1790,0,1799.11,1608.45,1965.85,No Band,1787.15,"{'min': 1777, 'max': 1808.95, 'value': 1799.6}","{'min': 1091, 'minDate': '27-Nov-2020', 'max': 1848, 'maxDate': '20-Oct-2021', 'value': 1799.6}"
16-11-2021,13:55,1798.45,11.3,0.632291638,1787.15,1790,0,1799.11,1608.45,1965.85,No Band,1787.15,"{'min': 1777, 'max': 1808.95, 'value': 1798.45}","{'min': 1091, 'minDate': '27-Nov-2020', 'max': 1848, 'maxDate': '20-Oct-2021', 'value': 1798.45}"
16-11-2021,14:00,1800,12.85,0.719021906,1787.15,1790,0,1799.11,1608.45,1965.85,No Band,1787.15,"{'min': 1777, 'max': 1808.95, 'value': 1800}","{'min': 1091, 'minDate': '27-Nov-2020', 'max': 1848, 'maxDate': '20-Oct-2021', 'value': 1800}"
16-11-2021,14:35,1795.5,8.35,0.467224352,1787.15,1790,0,1799,1608.45,1965.85,No Band,1787.15,"{'min': 1777, 'max': 1808.95, 'value': 1795.5}","{'min': 1091, 'minDate': '27-Nov-2020', 'max': 1848, 'maxDate': '20-Oct-2021', 'value': 1795.5}"
16-11-2021,14:40,1796.25,9.1,0.509190611,1787.15,1790,0,1798.97,1608.45,1965.85,No Band,1787.15,"{'min': 1777, 'max': 1808.95, 'value': 1796.25}","{'min': 1091, 'minDate': '27-Nov-2020', 'max': 1848, 'maxDate': '20-Oct-2021', 'value': 1796.25}"
16-11-2021,14:45,1797.65,10.5,0.587527628,1787.15,1790,0,1798.95,1608.45,1965.85,No Band,1787.15,"{'min': 1777, 'max': 1808.95, 'value': 1797.65}","{'min': 1091, 'minDate': '27-Nov-2020', 'max': 1848, 'maxDate': '20-Oct-2021', 'value': 1797.65}"
16-11-2021,14:50,1795.85,8.7,0.486808606,1787.15,1790,0,1798.94,1608.45,1965.85,No Band,1787.15,"{'min': 1777, 'max': 1808.95, 'value': 1795.85}","{'min': 1091, 'minDate': '27-Nov-2020', 'max': 1848, 'maxDate': '20-Oct-2021', 'value': 1795.85}"
16-11-2021,15:20,1789.65,2.5,0.13988753,1787.15,1790,0,1797.92,1608.45,1965.85,No Band,1787.15,"{'min': 1777, 'max': 1808.95, 'value': 1789.65}","{'min': 1091, 'minDate': '27-Nov-2020', 'max': 1848, 'maxDate': '20-Oct-2021', 'value': 1789.65}"
16-11-2021,15:25,1790,2.85,0.159471785,1787.15,1790,0,1797.6,1608.45,1965.85,No Band,1787.15,"{'min': 1777, 'max': 1808.95, 'value': 1790}","{'min': 1091, 'minDate': '27-Nov-2020', 'max': 1848, 'maxDate': '20-Oct-2021', 'value': 1790}"
16-11-2021,15:33,1791.4,4.25,0.237808802,1787.15,1790,0,1797.42,1608.45,1965.85,No Band,1787.15,"{'min': 1777, 'max': 1808.95, 'value': 1791.4}","{'min': 1091, 'minDate': '27-Nov-2020', 'max': 1848, 'maxDate': '20-Oct-2021', 'value': 1791.4}"
17-11-2021,8:42,1791.4,4.25,0.237808802,1787.15,1790,1792.3,1797.42,1608.45,1965.85,No Band,1787.15,"{'min': 1777, 'max': 1808.95, 'value': 1791.4}","{'min': 1091, 'minDate': '27-Nov-2020', 'max': 1848, 'maxDate': '20-Oct-2021', 'value': 1791.4}"
17-11-2021,9:21,1798.9,6.6,0.368241924,1792.3,1792.55,0,1797.27,1613.1,1971.5,No Band,1792.3,"{'min': 1792.55, 'max': 1801.55, 'value': 1798.9}","{'min': 1091, 'minDate': '27-Nov-2020', 'max': 1848, 'maxDate': '20-Oct-2021', 'value': 1798.9}"
17-11-2021,9:25,1800.3,8,0.446353847,1792.3,1792.55,0,1798.04,1613.1,1971.5,No Band,1792.3,"{'min': 1792.55, 'max': 1801.7, 'value': 1800.3}","{'min': 1091, 'minDate': '27-Nov-2020', 'max': 1848, 'maxDate': '20-Oct-2021', 'value': 1800.3}"
17-11-2021,9:30,1790.35,-1.95,-0.10879875,1792.3,1792.55,0,1797.58,1613.1,1971.5,No Band,1792.3,"{'min': 1790.15, 'max': 1801.7, 'value': 1790.35}","{'min': 1091, 'minDate': '27-Nov-2020', 'max': 1848, 'maxDate': '20-Oct-2021', 'value': 1790.35}"
17-11-2021,9:35,1789.6,-2.7,-0.150644423,1792.3,1792.55,0,1796.24,1613.1,1971.5,No Band,1792.3,"{'min': 1786.5, 'max': 1801.7, 'value': 1789.6}","{'min': 1091, 'minDate': '27-Nov-2020', 'max': 1848, 'maxDate': '20-Oct-2021', 'value': 1789.6}"
17-11-2021,9:40,1786.15,-6.15,-0.34313452,1792.3,1792.55,0,1795.79,1613.1,1971.5,No Band,1792.3,"{'min': 1785.05, 'max': 1801.7, 'value': 1786.15}","{'min': 1091, 'minDate': '27-Nov-2020', 'max': 1848, 'maxDate': '20-Oct-2021', 'value': 1786.15}"
17-11-2021,9:45,1785.5,-6.8,-0.37940077,1792.3,1792.55,0,1794.3,1613.1,1971.5,No Band,1792.3,"{'min': 1784.3, 'max': 1801.7, 'value': 1785.5}","{'min': 1091, 'minDate': '27-Nov-2020', 'max': 1848, 'maxDate': '20-Oct-2021', 'value': 1785.5}"
17-11-2021,9:50,1781.4,-10.9,-0.608157117,1792.3,1792.55,0,1793.34,1613.1,1971.5,No Band,1792.3,"{'min': 1781.1, 'max': 1801.7, 'value': 1781.4}","{'min': 1091, 'minDate': '27-Nov-2020', 'max': 1848, 'maxDate': '20-Oct-2021', 'value': 1781.4}"
17-11-2021,9:55,1783.8,-8.5,-0.474250962,1792.3,1792.55,0,1792.75,1613.1,1971.5,No Band,1792.3,"{'min': 1780.7, 'max': 1801.7, 'value': 1783.8}","{'min': 1091, 'minDate': '27-Nov-2020', 'max': 1848, 'maxDate': '20-Oct-2021', 'value': 1783.8}"
17-11-2021,10:00,1785.6,-6.7,-0.373821347,1792.3,1792.55,0,1792.17,1613.1,1971.5,No Band,1792.3,"{'min': 1780.7, 'max': 1801.7, 'value': 1785.6}","{'min': 1091, 'minDate': '27-Nov-2020', 'max': 1848, 'maxDate': '20-Oct-2021', 'value': 1785.6}"
17-11-2021,10:05,1787.65,-4.65,-0.259443174,1792.3,1792.55,0,1791.81,1613.1,1971.5,No Band,1792.3,"{'min': 1780.7, 'max': 1801.7, 'value': 1787.65}","{'min': 1091, 'minDate': '27-Nov-2020', 'max': 1848, 'maxDate': '20-Oct-2021', 'value': 1787.65}"
17-11-2021,10:10,1783.55,-8.75,-0.48819952,1792.3,1792.55,0,1791.57,1613.1,1971.5,No Band,1792.3,"{'min': 1780.7, 'max': 1801.7, 'value': 1783.55}","{'min': 1091, 'minDate': '27-Nov-2020', 'max': 1848, 'maxDate': '20-Oct-2021', 'value': 1783.55}"
17-11-2021,10:15,1785.7,-6.6,-0.368241924,1792.3,1792.55,0,1791.3,1613.1,1971.5,No Band,1792.3,"{'min': 1780.7, 'max': 1801.7, 'value': 1785.7}","{'min': 1091, 'minDate': '27-Nov-2020', 'max': 1848, 'maxDate': '20-Oct-2021', 'value': 1785.7}"
17-11-2021,10:20,1789.1,-3.2,-0.178541539,1792.3,1792.55,0,1791.12,1613.1,1971.5,No Band,1792.3,"{'min': 1780.7, 'max': 1801.7, 'value': 1789.1}","{'min': 1091, 'minDate': '27-Nov-2020', 'max': 1848, 'maxDate': '20-Oct-2021', 'value': 1789.1}"
17-11-2021,10:25,1793.75,1.45,0.080901635,1792.3,1792.55,0,1791.04,1613.1,1971.5,No Band,1792.3,"{'min': 1780.7, 'max': 1801.7, 'value': 1793.75}","{'min': 1091, 'minDate': '27-Nov-2020', 'max': 1848, 'maxDate': '20-Oct-2021', 'value': 1793.75}"
17-11-2021,10:30,1794,1.7,0.094850192,1792.3,1792.55,0,1791.09,1613.1,1971.5,No Band,1792.3,"{'min': 1780.7, 'max': 1801.7, 'value': 1794}","{'min': 1091, 'minDate': '27-Nov-2020', 'max': 1848, 'maxDate': '20-Oct-2021', 'value': 1794}"
17-11-2021,10:35,1793.9,1.6,0.089270769,1792.3,1792.55,0,1791.22,1613.1,1971.5,No Band,1792.3,"{'min': 1780.7, 'max': 1801.7, 'value': 1793.9}","{'min': 1091, 'minDate': '27-Nov-2020', 'max': 1848, 'maxDate': '20-Oct-2021', 'value': 1793.9}"
17-11-2021,10:40,1791.8,-0.5,-0.027897115,1792.3,1792.55,0,1791.26,1613.1,1971.5,No Band,1792.3,"{'min': 1780.7, 'max': 1801.7, 'value': 1791.8}","{'min': 1091, 'minDate': '27-Nov-2020', 'max': 1848, 'maxDate': '20-Oct-2021', 'value': 1791.8}"
17-11-2021,10:45,1794.6,2.3,0.128326731,1792.3,1792.55,0,1791.41,1613.1,1971.5,No Band,1792.3,"{'min': 1780.7, 'max': 1801.7, 'value': 1794.6}","{'min': 1091, 'minDate': '27-Nov-2020', 'max': 1848, 'maxDate': '20-Oct-2021', 'value': 1794.6}"
17-11-2021,10:50,1794,1.7,0.094850192,1792.3,1792.55,0,1791.5,1613.1,1971.5,No Band,1792.3,"{'min': 1780.7, 'max': 1801.7, 'value': 1794}","{'min': 1091, 'minDate': '27-Nov-2020', 'max': 1848, 'maxDate': '20-Oct-2021', 'value': 1794}"
18-11-2021,9:25,1782.65,-4.8,-0.26853898,1787.45,1781.6,0,1783.92,1608.75,1966.15,No Band,1787.45,"{'min': 1779.05, 'max': 1789.45, 'value': 1782.65}","{'min': 1091, 'minDate': '27-Nov-2020', 'max': 1848, 'maxDate': '20-Oct-2021', 'value': 1782.65}"
18-11-2021,9:30,1777.95,-9.5,-0.531483398,1787.45,1781.6,0,1783.16,1608.75,1966.15,No Band,1787.45,"{'min': 1775.8, 'max': 1789.45, 'value': 1777.95}","{'min': 1091, 'minDate': '27-Nov-2020', 'max': 1848, 'maxDate': '20-Oct-2021', 'value': 1777.95}"
18-11-2021,9:35,1774.2,-13.25,-0.741279476,1787.45,1781.6,0,1782.07,1608.75,1966.15,No Band,1787.45,"{'min': 1774.2, 'max': 1789.45, 'value': 1774.2}","{'min': 1091, 'minDate': '27-Nov-2020', 'max': 1848, 'maxDate': '20-Oct-2021', 'value': 1774.2}"
18-11-2021,9:40,1775.25,-12.2,-0.682536574,1787.45,1781.6,0,1780.37,1608.75,1966.15,No Band,1787.45,"{'min': 1771.7, 'max': 1789.45, 'value': 1775.25}","{'min': 1091, 'minDate': '27-Nov-2020', 'max': 1848, 'maxDate': '20-Oct-2021', 'value': 1775.25}"
18-11-2021,9:45,1775.5,-11.95,-0.668550169,1787.45,1781.6,0,1779.85,1608.75,1966.15,No Band,1787.45,"{'min': 1771.7, 'max': 1789.45, 'value': 1775.5}","{'min': 1091, 'minDate': '27-Nov-2020', 'max': 1848, 'maxDate': '20-Oct-2021', 'value': 1775.5}"
18-11-2021,9:50,1774.65,-12.8,-0.716103947,1787.45,1781.6,0,1779.69,1608.75,1966.15,No Band,1787.45,"{'min': 1771.7, 'max': 1789.45, 'value': 1774.65}","{'min': 1091, 'minDate': '27-Nov-2020', 'max': 1848, 'maxDate': '20-Oct-2021', 'value': 1774.65}"
18-11-2021,9:55,1774.5,-12.95,-0.72449579,1787.45,1781.6,0,1779.49,1608.75,1966.15,No Band,1787.45,"{'min': 1771.7, 'max': 1789.45, 'value': 1774.5}","{'min': 1091, 'minDate': '27-Nov-2020', 'max': 1848, 'maxDate': '20-Oct-2021', 'value': 1774.5}"
18-11-2021,10:10,1771.25,-16.2,-0.906319058,1787.45,1781.6,0,1778.59,1608.75,1966.15,No Band,1787.45,"{'min': 1770.65, 'max': 1789.45, 'value': 1771.25}","{'min': 1091, 'minDate': '27-Nov-2020', 'max': 1848, 'maxDate': '20-Oct-2021', 'value': 1771.25}"
18-11-2021,10:15,1773,-14.45,-0.808414221,1787.45,1781.6,0,1777.61,1608.75,1966.15,No Band,1787.45,"{'min': 1769, 'max': 1789.45, 'value': 1773}","{'min': 1091, 'minDate': '27-Nov-2020', 'max': 1848, 'maxDate': '20-Oct-2021', 'value': 1773}"
18-11-2021,10:20,1769.65,-17.8,-0.995832051,1787.45,1781.6,0,1775.49,1608.75,1966.15,No Band,1787.45,"{'min': 1768.3, 'max': 1789.45, 'value': 1769.65}","{'min': 1091, 'minDate': '27-Nov-2020', 'max': 1848, 'maxDate': '20-Oct-2021', 'value': 1769.65}"
18-11-2021,10:25,1770.8,-16.65,-0.931494587,1787.45,1781.6,0,1774.6,1608.75,1966.15,No Band,1787.45,"{'min': 1768.3, 'max': 1789.45, 'value': 1770.8}","{'min': 1091, 'minDate': '27-Nov-2020', 'max': 1848, 'maxDate': '20-Oct-2021', 'value': 1770.8}"
18-11-2021,10:30,1770.1,-17.35,-0.970656522,1787.45,1781.6,0,1774.56,1608.75,1966.15,No Band,1787.45,"{'min': 1768.3, 'max': 1789.45, 'value': 1770.1}","{'min': 1091, 'minDate': '27-Nov-2020', 'max': 1848, 'maxDate': '20-Oct-2021', 'value': 1770.1}"
18-11-2021,10:35,1769.6,-17.85,-0.998629332,1787.45,1781.6,0,1774.39,1608.75,1966.15,No Band,1787.45,"{'min': 1768.3, 'max': 1789.45, 'value': 1769.6}","{'min': 1091, 'minDate': '27-Nov-2020', 'max': 1848, 'maxDate': '20-Oct-2021', 'value': 1769.6}"
18-11-2021,10:40,1769.65,-17.8,-0.995832051,1787.45,1781.6,0,1774.35,1608.75,1966.15,No Band,1787.45,"{'min': 1768.3, 'max': 1789.45, 'value': 1769.65}","{'min': 1091, 'minDate': '27-Nov-2020', 'max': 1848, 'maxDate': '20-Oct-2021', 'value': 1769.65}"
18-11-2021,10:45,1771.3,-16.15,-0.903521777,1787.45,1781.6,0,1774.24,1608.75,1966.15,No Band,1787.45,"{'min': 1768.3, 'max': 1789.45, 'value': 1771.3}","{'min': 1091, 'minDate': '27-Nov-2020', 'max': 1848, 'maxDate': '20-Oct-2021', 'value': 1771.3}"
18-11-2021,10:50,1769.6,-17.85,-0.998629332,1787.45,1781.6,0,1774.06,1608.75,1966.15,No Band,1787.45,"{'min': 1768.3, 'max': 1789.45, 'value': 1769.6}","{'min': 1091, 'minDate': '27-Nov-2020', 'max': 1848, 'maxDate': '20-Oct-2021', 'value': 1769.6}"
18-11-2021,10:55,1770,-17.45,-0.976251084,1787.45,1781.6,0,1773.56,1608.75,1966.15,No Band,1787.45,"{'min': 1764, 'max': 1789.45, 'value': 1770}","{'min': 1091, 'minDate': '27-Nov-2020', 'max': 1848, 'maxDate': '20-Oct-2021', 'value': 1770}"
18-11-2021,11:00,1769.75,-17.7,-0.990237489,1787.45,1781.6,0,1773.51,1608.75,1966.15,No Band,1787.45,"{'min': 1764, 'max': 1789.45, 'value': 1769.75}","{'min': 1091, 'minDate': '27-Nov-2020', 'max': 1848, 'maxDate': '20-Oct-2021', 'value': 1769.75}"
18-11-2021,11:10,1768.6,-18.85,-1.054574953,1787.45,1781.6,0,1773.23,1608.75,1966.15,No Band,1787.45,"{'min': 1764, 'max': 1789.45, 'value': 1768.6}","{'min': 1091, 'minDate': '27-Nov-2020', 'max': 1848, 'maxDate': '20-Oct-2021', 'value': 1768.6}"
18-11-2021,11:15,1769.95,-17.5,-0.979048365,1787.45,1781.6,0,1773.16,1608.75,1966.15,No Band,1787.45,"{'min': 1764, 'max': 1789.45, 'value': 1769.95}","{'min': 1091, 'minDate': '27-Nov-2020', 'max': 1848, 'maxDate': '20-Oct-2021', 'value': 1769.95}"
18-11-2021,11:20,1769,-18.45,-1.032196705,1787.45,1781.6,0,1773.1,1608.75,1966.15,No Band,1787.45,"{'min': 1764, 'max': 1789.45, 'value': 1769}","{'min': 1091, 'minDate': '27-Nov-2020', 'max': 1848, 'maxDate': '20-Oct-2021', 'value': 1769}"
18-11-2021,11:25,1769.35,-18.1,-1.012615738,1787.45,1781.6,0,1773.05,1608.75,1966.15,No Band,1787.45,"{'min': 1764, 'max': 1789.45, 'value': 1769.35}","{'min': 1091, 'minDate': '27-Nov-2020', 'max': 1848, 'maxDate': '20-Oct-2021', 'value': 1769.35}"
18-11-2021,11:30,1769.6,-17.85,-0.998629332,1787.45,1781.6,0,1773,1608.75,1966.15,No Band,1787.45,"{'min': 1764, 'max': 1789.45, 'value': 1769.6}","{'min': 1091, 'minDate': '27-Nov-2020', 'max': 1848, 'maxDate': '20-Oct-2021', 'value': 1769.6}"
18-11-2021,11:35,1770,-17.45,-0.976251084,1787.45,1781.6,0,1772.94,1608.75,1966.15,No Band,1787.45,"{'min': 1764, 'max': 1789.45, 'value': 1770}","{'min': 1091, 'minDate': '27-Nov-2020', 'max': 1848, 'maxDate': '20-Oct-2021', 'value': 1770}"
18-11-2021,11:40,1770.05,-17.4,-0.973453803,1787.45,1781.6,0,1772.91,1608.75,1966.15,No Band,1787.45,"{'min': 1764, 'max': 1789.45, 'value': 1770.05}","{'min': 1091, 'minDate': '27-Nov-2020', 'max': 1848, 'maxDate': '20-Oct-2021', 'value': 1770.05}"
18-11-2021,11:45,1770,-17.45,-0.976251084,1787.45,1781.6,0,1772.87,1608.75,1966.15,No Band,1787.45,"{'min': 1764, 'max': 1789.45, 'value': 1770}","{'min': 1091, 'minDate': '27-Nov-2020', 'max': 1848, 'maxDate': '20-Oct-2021', 'value': 1770}"
18-11-2021,11:50,1770,-17.45,-0.976251084,1787.45,1781.6,0,1772.79,1608.75,1966.15,No Band,1787.45,"{'min': 1764, 'max': 1789.45, 'value': 1770}","{'min': 1091, 'minDate': '27-Nov-2020', 'max': 1848, 'maxDate': '20-Oct-2021', 'value': 1770}"
18-11-2021,11:55,1765.8,-21.65,-1.211222692,1787.45,1781.6,0,1772.66,1608.75,1966.15,No Band,1787.45,"{'min': 1764, 'max': 1789.45, 'value': 1765.8}","{'min': 1091, 'minDate': '27-Nov-2020', 'max': 1848, 'maxDate': '20-Oct-2021', 'value': 1765.8}"
18-11-2021,12:00,1765,-22.45,-1.255979188,1787.45,1781.6,0,1772.38,1608.75,1966.15,No Band,1787.45,"{'min': 1764, 'max': 1789.45, 'value': 1765}","{'min': 1091, 'minDate': '27-Nov-2020', 'max': 1848, 'maxDate': '20-Oct-2021', 'value': 1765}"
18-11-2021,12:05,1760.75,-26.7,-1.493748077,1787.45,1781.6,0,1771.91,1608.75,1966.15,No Band,1787.45,"{'min': 1760, 'max': 1789.45, 'value': 1760.75}","{'min': 1091, 'minDate': '27-Nov-2020', 'max': 1848, 'maxDate': '20-Oct-2021', 'value': 1760.75}"
